{"products":[{"id":"0.6784933759196237","qty":1}],"totalPrice":1419.6021854277044}